"Step","ColBERTAttn-2025-12-10_00-28-49 - val/auc","ColBERTAttn-2025-12-10_00-28-49 - val/auc__MIN","ColBERTAttn-2025-12-10_00-28-49 - val/auc__MAX","ColBERTPos-2025-12-10_00-28-50 - val/auc","ColBERTPos-2025-12-10_00-28-50 - val/auc__MIN","ColBERTPos-2025-12-10_00-28-50 - val/auc__MAX","ColBERT-2025-12-10_00-28-49 - val/auc","ColBERT-2025-12-10_00-28-49 - val/auc__MIN","ColBERT-2025-12-10_00-28-49 - val/auc__MAX","ColBERTHier-2025-12-10_00-28-48 - val/auc","ColBERTHier-2025-12-10_00-28-48 - val/auc__MIN","ColBERTHier-2025-12-10_00-28-48 - val/auc__MAX"
"111","0.48604175269036204","0.48604175269036204","0.48604175269036204","0.5080376388120106","0.5080376388120106","0.5080376388120106","0.6710007607310083","0.6710007607310083","0.6710007607310083","0.5213174781506272","0.5213174781506272","0.5213174781506272"
"223","0.4883120597380585","0.4883120597380585","0.4883120597380585","0.50979642844669","0.50979642844669","0.50979642844669","0.6929015037474483","0.6929015037474483","0.6929015037474483","0.49283024602973485","0.49283024602973485","0.49283024602973485"
"335","0.4894798508823728","0.4894798508823728","0.4894798508823728","0.49743016870470536","0.49743016870470536","0.49743016870470536","0.7007182217871804","0.7007182217871804","0.7007182217871804","0.49283024602973485","0.49283024602973485","0.49283024602973485"
"447","0.4791694063357764","0.4791694063357764","0.4791694063357764","0.49769930353510883","0.49769930353510883","0.49769930353510883","0.7087752420190506","0.7087752420190506","0.7087752420190506","0.49032785730984","0.49032785730984","0.49032785730984"
"559","0.4868423437631482","0.4868423437631482","0.4868423437631482","0.5003895095288281","0.5003895095288281","0.5003895095288281","0.711715923101669","0.711715923101669","0.711715923101669","0.49032785730984","0.49032785730984","0.49032785730984"
"671","0.4819845632271638","0.4819845632271638","0.4819845632271638","0.5091489616529539","0.5091489616529539","0.5091489616529539","0.7138150981034613","0.7138150981034613","0.7138150981034613","0.4864982969331749","0.4864982969331749","0.4864982969331749"
"783","0.48361624316335944","0.48361624316335944","0.48361624316335944","0.5089762038244043","0.5089762038244043","0.5089762038244043","0.7146507556826204","0.7146507556826204","0.7146507556826204","0.4864982969331749","0.4864982969331749","0.4864982969331749"
"895","0.4881191172065852","0.4881191172065852","0.4881191172065852","0.5134502818571587","0.5134502818571587","0.5134502818571587","0.7123700109716585","0.7123700109716585","0.7123700109716585","0.5042693615095087","0.5042693615095087","0.5042693615095087"
"1007","0.491484874808078","0.491484874808078","0.491484874808078","0.4904784866027922","0.4904784866027922","0.4904784866027922","0.7127094244049523","0.7127094244049523","0.7127094244049523","0.5042693615095087","0.5042693615095087","0.5042693615095087"
"1119","0.48444070081710416","0.48444070081710416","0.48444070081710416","0.5256012421873033","0.5256012421873033","0.5256012421873033","0.7127540253113177","0.7127540253113177","0.7127540253113177","0.4874799531798949","0.4874799531798949","0.4874799531798949"
"1231","0.4841894182315762","0.4841894182315762","0.4841894182315762","0.5035534224333802","0.5035534224333802","0.5035534224333802","0.7163763013018052","0.7163763013018052","0.7163763013018052","0.4874799531798949","0.4874799531798949","0.4874799531798949"
"1343","0.48443910360698683","0.48443910360698683","0.48443910360698683","0.505103154216405","0.505103154216405","0.505103154216405","0.7134387779122907","0.7134387779122907","0.7134387779122907","0.48787281440350866","0.48787281440350866","0.48787281440350866"
"1455","0.4865861299035481","0.4865861299035481","0.4865861299035481","0.4974290827717935","0.4974290827717935","0.4974290827717935","0.7149195704508163","0.7149195704508163","0.7149195704508163","0.48787281440350866","0.48787281440350866","0.48787281440350866"
"1567","0.48815633931208935","0.48815633931208935","0.48815633931208935","0.5072794656643234","0.5072794656643234","0.5072794656643234","0.7173430197324488","0.7173430197324488","0.7173430197324488","0.48787281440350866","0.48787281440350866","0.48787281440350866"
"1679","0.48886440849259405","0.48886440849259405","0.48886440849259405","0.48470917585081186","0.48470917585081186","0.48470917585081186","0.7103834017444836","0.7103834017444836","0.7103834017444836","0.48787281440350866","0.48787281440350866","0.48787281440350866"
"1791","0.48906758706277803","0.48906758706277803","0.48906758706277803","0.4974090097853005","0.4974090097853005","0.4974090097853005","0.7180749153262619","0.7180749153262619","0.7180749153262619","0.48787281440350866","0.48787281440350866","0.48787281440350866"
"1903","0.4885904592248783","0.4885904592248783","0.4885904592248783","0.49983625353334704","0.49983625353334704","0.49983625353334704","0.7075413370719565","0.7075413370719565","0.7075413370719565","0.48787281440350866","0.48787281440350866","0.48787281440350866"
"2015","0.48818347398598927","0.48818347398598927","0.48818347398598927","0.49556013245511094","0.49556013245511094","0.49556013245511094","0.7162275228255045","0.7162275228255045","0.7162275228255045","0.48787281440350866","0.48787281440350866","0.48787281440350866"
"2127","0.4888765163358665","0.4888765163358665","0.4888765163358665","0.5064525340133926","0.5064525340133926","0.5064525340133926","0.7129299126562977","0.7129299126562977","0.7129299126562977","0.48787281440350866","0.48787281440350866","0.48787281440350866"
"2239","0.48958801755211856","0.48958801755211856","0.48958801755211856","0.5052675661173873","0.5052675661173873","0.5052675661173873","0.7118890831778327","0.7118890831778327","0.7118890831778327","0.502639233486548","0.502639233486548","0.502639233486548"
"2351","0.48982358601345916","0.48982358601345916","0.48982358601345916","0.4973450323531784","0.4973450323531784","0.4973450323531784","0.707145748903331","0.707145748903331","0.707145748903331","0.502639233486548","0.502639233486548","0.502639233486548"
"2463","0.49073234059347814","0.49073234059347814","0.49073234059347814","0.4987315211243552","0.4987315211243552","0.4987315211243552","0.7039340582819678","0.7039340582819678","0.7039340582819678","","",""
"2575","0.4900392002330647","0.4900392002330647","0.4900392002330647","0.503447392452188","0.503447392452188","0.503447392452188","0.70980119630376","0.70980119630376","0.70980119630376","","",""
"2687","0.4889571072583743","0.4889571072583743","0.4889571072583743","0.5046706787434139","0.5046706787434139","0.5046706787434139","0.7025665371978428","0.7025665371978428","0.7025665371978428","","",""
"2799","0.4931180698971166","0.4931180698971166","0.4931180698971166","0.49945710959365247","0.49945710959365247","0.49945710959365247","0.7063042860069191","0.7063042860069191","0.7063042860069191","","",""
"2911","0.4930967434958544","0.4930967434958544","0.4930967434958544","0.49358012488392194","0.49358012488392194","0.49358012488392194","0.7006946608961885","0.7006946608961885","0.7006946608961885","","",""
"3023","0.4917151776438348","0.4917151776438348","0.4917151776438348","0.5051227810845909","0.5051227810845909","0.5051227810845909","0.7059451711598919","0.7059451711598919","0.7059451711598919","","",""
"3135","0.4908617030372722","0.4908617030372722","0.4908617030372722","0.49957756315263857","0.49957756315263857","0.49957756315263857","0.6966189281791182","0.6966189281791182","0.6966189281791182","","",""
"3247","0.4918545985986969","0.4918545985986969","0.4918545985986969","0.5051266945296248","0.5051266945296248","0.5051266945296248","0.699132358027289","0.699132358027289","0.699132358027289","","",""
"3359","0.4920305512317518","0.4920305512317518","0.4920305512317518","0.5011180529791525","0.5011180529791525","0.5011180529791525","0.6975590083649278","0.6975590083649278","0.6975590083649278","","",""
"3471","0.49210131145764296","0.49210131145764296","0.49210131145764296","","","","0.6925055920622204","0.6925055920622204","0.6925055920622204","","",""
"3583","0.49210131145764296","0.49210131145764296","0.49210131145764296","","","","0.6989879398758961","0.6989879398758961","0.6989879398758961","","",""
"3695","0.49210131145764296","0.49210131145764296","0.49210131145764296","","","","0.6959779041396618","0.6959779041396618","0.6959779041396618","","",""
"3807","0.4921679421765843","0.4921679421765843","0.4921679421765843","","","","0.6934925823848438","0.6934925823848438","0.6934925823848438","","",""
"3919","0.49228304413389684","0.49228304413389684","0.49228304413389684","","","","0.6945912463648163","0.6945912463648163","0.6945912463648163","","",""
"4031","0.4920587232076404","0.4920587232076404","0.4920587232076404","","","","0.691232459791422","0.691232459791422","0.691232459791422","","",""
"4143","0.4922492832942117","0.4922492832942117","0.4922492832942117","","","","","","","","",""
"4255","0.49151482251102047","0.49151482251102047","0.49151482251102047","","","","","","","","",""
"4367","0.49165781388637","0.49165781388637","0.49165781388637","","","","","","","","",""
"4479","0.49165781388637","0.49165781388637","0.49165781388637","","","","","","","","",""
"4591","0.49165781388637","0.49165781388637","0.49165781388637","","","","","","","","",""
"4703","0.49165781388637","0.49165781388637","0.49165781388637","","","","","","","","",""
"4815","0.49165781388637","0.49165781388637","0.49165781388637","","","","","","","","",""
"4927","0.49165781388637","0.49165781388637","0.49165781388637","","","","","","","","",""
"5039","0.49165781388637","0.49165781388637","0.49165781388637","","","","","","","","",""